{
  "rasa_nlu_data": {
    "regex_features": [
      {
        "name": "zipcode",
        "pattern": "[0-9]{5}"
      },
      {
        "name": "greet",
        "pattern": "hey[^\\s]*"
      }
    ],
    "entity_synonyms": [
      {
        "value": "chinese",
        "synonyms": ["Chinese", "Chines", "chines"]
      },
      {
        "value": "vegetarian",
        "synonyms": ["veggie", "vegg"]
      },
      {
        "value": "hi",
        "synonyms": ["expensive", "valued"]
      },
      {
        "value": "lo",
        "synonyms": ["cheap"]
      }
    ],
    "common_examples": [
      {
        "text": "AAPL, please", 
        "intent": "sp_stock", 
        "entities":  [{
            "start": 0,
            "end": 4,
            "value": "AAPL",
            "entity": "ORG"
          }]
      }, 
      {
        "text": "About AAPL", 
        "intent": "sp_stock", 
        "entities":  [{
            "start": 6,
            "end": 10,
            "value": "AAPL",
            "entity": "ORG"
          }]
      }, 
      {
        "text": "i am looking for a stock called AAPL",
        "intent": "sp_stock",
        "entities": [
          {
            "start": 32,
            "end": 36,
            "value": "AAPL",
            "entity": "ORG"
          }
        ]
      }, 
      {
        "text": "information of AAPL",
        "intent": "sp_stock",
        "entities": [
          {
            "start": 32,
            "end": 36,
            "value": "AAPL",
            "entity": "ORG"
          }
        ]
      }, 
      {
        "text": "know about AAPL",
        "intent": "sp_stock",
        "entities": [
          {
            "start": 0,
            "end": 4,
            "value": "AAPL",
            "entity": "ORG"
          }
        ]
      }, 
      {
        "text": "somthing about AAPL",
        "intent": "sp_stock",
        "entities": [
          {
            "start": 15,
            "end": 19,
            "value": "AAPL",
            "entity": "ORG"
          }
        ]
      }, 
      {
        "text": "what about AAPL",
        "intent": "sp_stock",
        "entities": [
          {
            "start": 11,
            "end": 15,
            "value": "AAPL",
            "entity": "ORG"
          }
        ]
      },
      
      
      {
        "text": "SINA, please", 
        "intent": "sp_stock", 
        "entities":  [{
            "start": 0,
            "end": 4,
            "value": "SINA",
            "entity": "ORG"
          }]
      }, 
      {
        "text": "About SINA", 
        "intent": "sp_stock", 
        "entities":  [{
            "start": 6,
            "end": 10,
            "value": "SINA",
            "entity": "ORG"
          }]
      }, 
      {
        "text": "i am looking for a stock called SINA",
        "intent": "sp_stock",
        "entities": [
          {
            "start": 32,
            "end": 36,
            "value": "SINA",
            "entity": "ORG"
          }
        ]
      }, 
      {
        "text": "information of SINA",
        "intent": "sp_stock",
        "entities": [
          {
            "start": 32,
            "end": 36,
            "value": "SINA",
            "entity": "ORG"
          }
        ]
      },  
      {
        "text": "know about SINA",
        "intent": "sp_stock",
        "entities": [
          {
            "start": 0,
            "end": 4,
            "value": "SINA",
            "entity": "ORG"
          }
        ]
      }, 
      {
        "text": "somthing about SINA",
        "intent": "sp_stock",
        "entities": [
          {
            "start": 15,
            "end": 19,
            "value": "SINA",
            "entity": "ORG"
          }
        ]
      }, 
      {
        "text": "what about SINA",
        "intent": "sp_stock",
        "entities": [
          {
            "start": 11,
            "end": 15,
            "value": "SINA",
            "entity": "ORG"
          }
        ]
      }, 
      
      
      
      {
        "text": "SOHU, please", 
        "intent": "sp_stock", 
        "entities":  [{
            "start": 0,
            "end": 4,
            "value": "SOHU",
            "entity": "ORG"
          }]
      }, 
      {
        "text": "About SOHU", 
        "intent": "sp_stock", 
        "entities":  [{
            "start": 6,
            "end": 10,
            "value": "SOHU",
            "entity": "ORG"
          }]
      }, 
      {
        "text": "i am looking for a stock called SOHU",
        "intent": "sp_stock",
        "entities": [
          {
            "start": 32,
            "end": 36,
            "value": "SOHU",
            "entity": "ORG"
          }
        ]
      }, 
      {
        "text": "information of SOHU",
        "intent": "sp_stock",
        "entities": [
          {
            "start": 32,
            "end": 36,
            "value": "SOHU",
            "entity": "ORG"
          }
        ]
      },  
      {
        "text": "know about SOHU",
        "intent": "sp_stock",
        "entities": [
          {
            "start": 0,
            "end": 4,
            "value": "SOHU",
            "entity": "ORG"
          }
        ]
      }, 
      {
        "text": "somthing about SOHU",
        "intent": "sp_stock",
        "entities": [
          {
            "start": 15,
            "end": 19,
            "value": "SOHU",
            "entity": "ORG"
          }
        ]
      }, 
      {
        "text": "what about SOHU",
        "intent": "sp_stock",
        "entities": [
          {
            "start": 11,
            "end": 15,
            "value": "SOHU",
            "entity": "ORG"
          }
        ]
      },     
      
      {
        "text": "BIDU, please", 
        "intent": "sp_stock", 
        "entities":  [{
            "start": 0,
            "end": 4,
            "value": "BIDU",
            "entity": "ORG"
          }]
      }, 
      {
        "text": "About BIDU", 
        "intent": "sp_stock", 
        "entities":  [{
            "start": 6,
            "end": 10,
            "value": "BIDU",
            "entity": "ORG"
          }]
      }, 
      {
        "text": "i am looking for a stock called BIDU",
        "intent": "sp_stock",
        "entities": [
          {
            "start": 32,
            "end": 36,
            "value": "BIDU",
            "entity": "ORG"
          }
        ]
      }, 
      {
        "text": "information of BIDU",
        "intent": "sp_stock",
        "entities": [
          {
            "start": 32,
            "end": 36,
            "value": "BIDU",
            "entity": "ORG"
          }
        ]
      },  
      {
        "text": "know about BIDU",
        "intent": "sp_stock",
        "entities": [
          {
            "start": 0,
            "end": 4,
            "value": "BIDU",
            "entity": "ORG"
          }
        ]
      }, 
      {
        "text": "somthing about BIDU",
        "intent": "sp_stock",
        "entities": [
          {
            "start": 15,
            "end": 19,
            "value": "BIDU",
            "entity": "ORG"
          }
        ]
      }, 
      {
        "text": "what about BIDU",
        "intent": "sp_stock",
        "entities": [
          {
            "start": 11,
            "end": 15,
            "value": "BIDU",
            "entity": "ORG"
          }
        ]
      },     
      
      
   
      
      {
        "text": "CTRP, please", 
        "intent": "sp_stock", 
        "entities":  [{
            "start": 0,
            "end": 4,
            "value": "CTRP",
            "entity": "ORG"
          }]
      }, 
      {
        "text": "About CTRP", 
        "intent": "sp_stock", 
        "entities":  [{
            "start": 6,
            "end": 10,
            "value": "CTRP",
            "entity": "ORG"
          }]
      }, 
      {
        "text": "i am looking for a stock called CTRP",
        "intent": "sp_stock",
        "entities": [
          {
            "start": 32,
            "end": 36,
            "value": "CTRP",
            "entity": "ORG"
          }
        ]
      }, 
      {
        "text": "information of CTRP",
        "intent": "sp_stock",
        "entities": [
          {
            "start": 32,
            "end": 36,
            "value": "CTRP",
            "entity": "ORG"
          }
        ]
      },  
      {
        "text": "know about CTRP",
        "intent": "sp_stock",
        "entities": [
          {
            "start": 0,
            "end": 4,
            "value": "CTRP",
            "entity": "ORG"
          }
        ]
      }, 
      {
        "text": "somthing about CTRP",
        "intent": "sp_stock",
        "entities": [
          {
            "start": 15,
            "end": 19,
            "value": "CTRP",
            "entity": "ORG"
          }
        ]
      }, 
      {
        "text": "what about CTRP",
        "intent": "sp_stock",
        "entities": [
          {
            "start": 11,
            "end": 15,
            "value": "CTRP",
            "entity": "ORG"
          }
        ]
      }, 
      
      {
        "text": "CTRP, please", 
        "intent": "sp_stock", 
        "entities":  [{
            "start": 0,
            "end": 4,
            "value": "CTRP",
            "entity": "ORG"
          }]
      }, 
      {
        "text": "About CTRP", 
        "intent": "sp_stock", 
        "entities":  [{
            "start": 6,
            "end": 10,
            "value": "CTRP",
            "entity": "ORG"
          }]
      }, 
      {
        "text": "i am looking for a stock called CTRP",
        "intent": "sp_stock",
        "entities": [
          {
            "start": 32,
            "end": 36,
            "value": "CTRP",
            "entity": "ORG"
          }
        ]
      }, 
      {
        "text": "information of CTRP",
        "intent": "sp_stock",
        "entities": [
          {
            "start": 32,
            "end": 36,
            "value": "CTRP",
            "entity": "ORG"
          }
        ]
      },  
      {
        "text": "know about CTRP",
        "intent": "sp_stock",
        "entities": [
          {
            "start": 0,
            "end": 4,
            "value": "CTRP",
            "entity": "ORG"
          }
        ]
      }, 
      {
        "text": "somthing about CTRP",
        "intent": "sp_stock",
        "entities": [
          {
            "start": 15,
            "end": 19,
            "value": "CTRP",
            "entity": "ORG"
          }
        ]
      }, 
      {
        "text": "what about CTRP",
        "intent": "sp_stock",
        "entities": [
          {
            "start": 11,
            "end": 15,
            "value": "CTRP",
            "entity": "ORG"
          }
        ]
      },
      
      
      
      {
        "text": "hey", 
        "intent": "greet", 
        "entities": []
      }, 
      {
        "text": "didn't", 
        "intent": "deny", 
        "entities": []
      }, 
      {
        "text": "don't", 
        "intent": "deny", 
        "entities": []
      }, 
      {
        "text": "doesn't", 
        "intent": "deny", 
        "entities": []
      }, 
      {
        "text": "won't", 
        "intent": "deny", 
        "entities": []
      }, 
      {
        "text": "no", 
        "intent": "deny", 
        "entities": []
      }, 
      {
        "text": "switch", 
        "intent": "deny", 
        "entities": []
      },
      {
        "text": "change", 
        "intent": "deny", 
        "entities": []
      },
      {
        "text": "another", 
        "intent": "deny", 
        "entities": []
      },
      {
        "text": "hey", 
        "intent": "greet", 
        "entities": []
      }, 
      {
        "text": "hey", 
        "intent": "greet", 
        "entities": []
      }, 
      {
        "text": "hey", 
        "intent": "greet", 
        "entities": []
      }, 
      {
        "text": "howdy", 
        "intent": "greet", 
        "entities": []
      }, 
      {
        "text": "hey there",
        "intent": "greet", 
        "entities": []
      }, 
      {
        "text": "hello", 
        "intent": "greet", 
        "entities": []
      }, 
      {
        "text": "hi", 
        "intent": "greet", 
        "entities": []
      },
      {
        "text": "good morning",
        "intent": "greet",
        "entities": []
      },
      {
        "text": "good evening",
        "intent": "greet",
        "entities": []
      },
      {
        "text": "dear sir",
        "intent": "greet",
        "entities": []
      },
      {
        "text": "bye", 
        "intent": "goodbye"
      }, 
      {
        "text": "goodbye", 
        "intent": "goodbye"
      }, 
      {
        "text": "good bye", 
        "intent": "goodbye"
      }, 
      {
        "text": "stop", 
        "intent": "goodbye"
      }, 
      {
        "text": "end", 
        "intent": "goodbye"
      }, 
      {
        "text": "yes", 
        "intent": "affirm", 
        "entities": []
      }, 
      {
        "text": "yep", 
        "intent": "affirm", 
        "entities": []
      }, 
      {
        "text": "yeah", 
        "intent": "affirm", 
        "entities": []
      },
      {
        "text": "indeed",
        "intent": "affirm",
        "entities": []
      },
      {
        "text": "that's right",
        "intent": "affirm",
        "entities": []
      },
      {
        "text": "ok",
        "intent": "affirm",
        "entities": []
      },
      {
        "text": "great",
        "intent": "affirm",
        "entities": []
      },
      {
        "text": "right, thank you",
        "intent": "affirm",
        "entities": []
      },
      {
        "text": "correct",
        "intent": "affirm",
        "entities": []
      },
      {
        "text": "great choice",
        "intent": "affirm",
        "entities": []
      },
      {
        "text": "sounds really good",
        "intent": "affirm",
        "entities": []
      },
      {
        "text": "I want a stock",
        "intent": "stock_search",
        "entities": []
      },
      {
        "text": "I want to buy stock",
        "intent": "stock_search",
        "entities": []
      },
      {
        "text": "I am searching for a stock",
        "intent": "stock_search",
        "entities": []
      },
      {
        "text": "I am searching for some stocks",
        "intent": "stock_search",
        "entities": []
      },
      {
        "text": "i'm looking for a stock in china",
        "intent": "stock_search",
        "entities": [
          {
            "start": 28,
            "end": 33,
            "value": "china",
            "entity": "location"
          }
        ]
      },
      {
        "text": "i'm looking for a stock in us",
        "intent": "stock_search",
        "entities": [
          {
            "start": 28,
            "end": 30,
            "value": "us",
            "entity": "location"
          }
        ]
      },
      {
        "text": "i'm looking for a place in the china",
        "intent": "stock_search",
        "entities": [
          {
            "start": 31,
            "end": 36,
            "value": "china",
            "entity": "location"
          }
        ]
      },
      {
        "text": "show me stocks ",
        "intent": "stock_search",
        "entities": []
      },
      {
        "text": "show me stocks in china",
        "intent": "stock_search",
        "entities": [
          {
            "start": 19,
            "end": 24,
            "value": "china",
            "entity": "location"
          }
        ]
      },
      {
        "text": "show me stocks in us",
        "intent": "stock_search",
        "entities": [
          {
            "start": 19,
            "end": 21,
            "value": "us",
            "entity": "location"
          }
        ]
      },
      {
        "text": "show me a stock placed in the china", 
        "intent": "stock_search", 
        "entities": [
          {
            "start": 30, 
            "end": 35, 
            "value": "china", 
            "entity": "location"
          }
        ]
      },
     {
        "text": "search for stocks",
        "intent": "stock_search",
        "entities": []
      },
      {
        "text": "anything about stocks",
        "intent": "stock_search",
        "entities": []
      },
      {
        "text": "anywhere near 18328",
        "intent": "restaurant_search",
        "entities": [
          {
            "start": 14,
            "end": 19,
            "value": "18328",
            "entity": "location"
          }
        ]
      },
      {
        "text": "I am looking a restaurant in 29432",
        "intent": "restaurant_search",
        "entities": [
          {
            "start": 29,
            "end": 34,
            "value": "29432",
            "entity": "location"
          }
        ]
      },
      {
        "text": "I am looking for mexican indian fusion",
        "intent": "restaurant_search",
        "entities": [
          {
            "start": 17,
            "end": 38,
            "value": "mexican indian fusion",
            "entity": "cuisine"
          }
        ]
      },
      {
        "text": "central indian restaurant",
        "intent": "restaurant_search",
        "entities": [
          {
            "start": 0,
            "end": 7,
            "value": "central",
            "entity": "location"
          },
          {
            "start": 8,
            "end": 14,
            "value": "indian",
            "entity": "cuisine"
          }
        ]
      },
      {
        "text": "bye", 
        "intent": "goodbye", 
        "entities": []
      }, 
      {
        "text": "goodbye", 
        "intent": "goodbye", 
        "entities": []
      }, 
      {
        "text": "good bye", 
        "intent": "goodbye", 
        "entities": []
      }, 
      {
        "text": "stop", 
        "intent": "goodbye", 
        "entities": []
      }, 
      {
        "text": "end", 
        "intent": "goodbye", 
        "entities": []
      },
      {
        "text": "farewell",
        "intent": "goodbye",
        "entities": []
      },
      {
        "text": "Bye bye",
        "intent": "goodbye",
        "entities": []
      },
      {
        "text": "have a good one",
        "intent": "goodbye",
        "entities": []
      },
      {
        "text": "in the north of town",
        "intent": "location",
        "entities": [
          {
            "start": 7,
            "end": 12,
            "value": "north",
            "entity": "location"
          }
        ]
      },
      {
        "text": "in the south of town",
        "intent": "location",
        "entities": [
          {
            "start": 7,
            "end": 12,
            "value": "south",
            "entity": "location"
          }
        ]
      },
      {
        "text": "in us",
        "intent": "location",
        "entities": [
          {
            "start": 3,
            "end": 5,
            "value": "us",
            "entity": "location"
          }
        ]
      },
      {
        "text": "in china",
        "intent": "location",
        "entities": [
          {
            "start": 3,
            "end": 8,
            "value": "china",
            "entity": "location"
          }
        ]
      },
      {
        "text": "located in china",
        "intent": "location",
        "entities": [
          {
            "start": 11,
            "end": 16,
            "value": "china",
            "entity": "location"
          }
        ]
      },
      {
        "text": "located in us",
        "intent": "location",
        "entities": [
          {
            "start": 11,
            "end": 13,
            "value": "us",
            "entity": "location"
          }
        ]
      },
      {
        "text": "whose location is us",
        "intent": "location",
        "entities": [
          {
            "start": 18,
            "end": 20,
            "value": "us",
            "entity": "location"
          }
        ]
      },
      
      {
        "text": "whose location is china",
        "intent": "location",
        "entities": [
          {
            "start": 18,
            "end": 23,
            "value": "china",
            "entity": "location"
          }
        ]
      },
      {
        "text": "AAPL", 
        "intent": "sp_stock", 
        "entities": [{
            "start": 0,
            "end": 4,
            "value": "AAPL",
            "entity": "ORG"
          }]
      }, 
      {
        "text": "SOHU", 
        "intent": "sp_stock", 
        "entities": [{
            "start": 0,
            "end": 4,
            "value": "AAPL",
            "entity": "ORG"
          }]
      }, 
      {
        "text": "SINA", 
        "intent": "sp_stock", 
        "entities": [{
            "start": 0,
            "end": 4,
            "value": "SINA",
            "entity": "ORG"
          }]
      }, 
      {
        "text": "BIDU", 
        "intent": "sp_stock", 
        "entities": [{
            "start": 0,
            "end": 4,
            "value": "BIDU",
            "entity": "ORG"
          }]
      }, 
      {
        "text": "NETS", 
        "intent": "sp_stock", 
        "entities": [{
            "start": 0,
            "end": 4,
            "value": "NETS",
            "entity": "ORG"
          }]
      }, 
      {
        "text": "SBUX", 
        "intent": "sp_stock", 
        "entities": [{
            "start": 0,
            "end": 4,
            "value": "SBUX",
            "entity": "ORG"
          }]
      }, 
      {
        "text": "CTRP", 
        "intent": "sp_stock", 
        "entities": [{
            "start": 0,
            "end": 4,
            "value": "CTRP",
            "entity": "ORG"
          }]
      }, 
      {
        "text": "PEP", 
        "intent": "sp_stock", 
        "entities": [{
            "start": 0,
            "end": 3,
            "value": "PEP",
            "entity": "ORG"
          }]
      }, 
      {
        "text": "BAC", 
        "intent": "sp_stock", 
        "entities": [{
            "start": 0,
            "end": 3,
            "value": "BAC",
            "entity": "ORG"
          }]
      },
      {
        "text": "KO", 
        "intent": "sp_stock", 
        "entities": [{
            "start": 0,
            "end": 2,
            "value": "KO",
            "entity": "ORG"
          }]
      },
      {
        "text": "GE", 
        "intent": "sp_stock", 
        "entities": [{
            "start": 0,
            "end": 2,
            "value": "GE",
            "entity": "ORG"
          }]
      }
      
    ]
  }
}
