{
    "language": "en_core_web_md",
    "pipeline": [
        {
            "model": "en_core_web_md",
            "case_sensitive": false,
            "name": "SpacyNLP",
            "class": "rasa_nlu.utils.spacy_utils.SpacyNLP"
        },
        {
            "name": "SpacyTokenizer",
            "class": "rasa_nlu.tokenizers.spacy_tokenizer.SpacyTokenizer"
        },
        {
            "name": "SpacyFeaturizer",
            "class": "rasa_nlu.featurizers.spacy_featurizer.SpacyFeaturizer"
        },
        {
            "name": "RegexFeaturizer",
            "file": "component_3_RegexFeaturizer.pkl",
            "class": "rasa_nlu.featurizers.regex_featurizer.RegexFeaturizer"
        },
        {
            "BILOU_flag": true,
            "features": [
                [
                    "low",
                    "title",
                    "upper"
                ],
                [
                    "bias",
                    "low",
                    "prefix5",
                    "prefix2",
                    "suffix5",
                    "suffix3",
                    "suffix2",
                    "upper",
                    "title",
                    "digit",
                    "pattern"
                ],
                [
                    "low",
                    "title",
                    "upper"
                ]
            ],
            "max_iterations": 50,
            "L1_c": 0.1,
            "L2_c": 0.1,
            "name": "CRFEntityExtractor",
            "file": "component_4_CRFEntityExtractor.pkl",
            "class": "rasa_nlu.extractors.crf_entity_extractor.CRFEntityExtractor"
        },
        {
            "name": "EntitySynonymMapper",
            "file": "component_5_EntitySynonymMapper.json",
            "class": "rasa_nlu.extractors.entity_synonyms.EntitySynonymMapper"
        },
        {
            "C": [
                1,
                2,
                5,
                10,
                20,
                100
            ],
            "gamma": [
                0.1
            ],
            "kernels": [
                "linear"
            ],
            "max_cross_validation_folds": 5,
            "scoring_function": "f1_weighted",
            "name": "SklearnIntentClassifier",
            "file": "component_6_SklearnIntentClassifier.pkl",
            "class": "rasa_nlu.classifiers.sklearn_intent_classifier.SklearnIntentClassifier"
        }
    ],
    "training_data": "training_data.json",
    "trained_at": "20190811-204539",
    "rasa_nlu_version": "0.15.1"
}